tileset_0_2,tileset_3_12,tileset_3_2,-1,tileset_6_5,tileset_6_5,tileset_6_5,tileset_6_5,tileset_6_5,tileset_6_5,tileset_6_5,tileset_6_5,tileset_6_5,tileset_6_5,tileset_6_5,tileset_6_5,tileset_6_5,tileset_6_5,tileset_6_5,tileset_6_5,tileset_6_5,tileset_6_5,tileset_6_5,tileset_6_5,tileset_6_5,tileset_6_5,tileset_6_5,tileset_6_5,tileset_6_5,tileset_6_5,tileset_6_5,tileset_6_5,tileset_6_5,tileset_6_5,tileset_6_5,tileset_6_5,tileset_6_5,tileset_0_2,tileset_3_12,tileset_3_2
tileset_0_2,tileset_3_12,tileset_3_2,-1,tileset_2_8,tileset_2_8,tileset_2_8,tileset_2_8,tileset_2_8,tileset_2_8,tileset_2_8,tileset_2_8,tileset_2_8,tileset_2_8,tileset_2_8,tileset_2_8,tileset_2_8,tileset_2_8,tileset_2_8,tileset_2_8,tileset_2_8,tileset_2_8,tileset_2_8,tileset_2_8,tileset_2_8,tileset_2_8,tileset_2_8,tileset_2_8,tileset_2_8,tileset_2_8,tileset_2_8,tileset_2_8,tileset_2_8,tileset_2_8,tileset_2_8,tileset_2_8,tileset_2_8,tileset_0_2,tileset_3_12,tileset_3_2
tileset_0_2,tileset_3_12,tileset_3_2,-1,tileset_6_5,tileset_6_5,tileset_6_5,tileset_6_5,tileset_6_5,tileset_6_5,tileset_6_5,tileset_6_5,tileset_6_5,tileset_6_5,tileset_6_5,tileset_6_5,tileset_6_5,tileset_6_5,tileset_6_5,tileset_6_5,tileset_6_5,tileset_6_5,tileset_6_5,tileset_6_5,tileset_6_5,tileset_6_5,tileset_6_5,tileset_6_5,tileset_6_5,tileset_6_5,tileset_6_5,tileset_6_5,tileset_6_5,tileset_6_5,tileset_6_5,tileset_6_5,tileset_6_5,tileset_0_2,tileset_3_12,tileset_3_2
tileset_0_2,tileset_3_12,tileset_3_2,-1,-1,-1,-1,-1,-1,-1,-1,-1,-1,-1,-1,-1,-1,-1,-1,-1,-1,-1,-1,-1,-1,-1,-1,-1,-1,-1,-1,-1,-1,-1,-1,-1,-1,tileset_0_2,tileset_3_12,tileset_3_2
tileset_0_2,tileset_3_12,tileset_3_2,-1,-1,-1,-1,-1,-1,-1,-1,-1,-1,-1,-1,-1,-1,-1,-1,-1,-1,-1,-1,-1,-1,-1,-1,-1,-1,-1,-1,-1,-1,-1,-1,-1,-1,tileset_0_2,tileset_3_12,tileset_3_2
tileset_0_2,tileset_3_12,tileset_3_2,-1,-1,-1,-1,-1,-1,-1,-1,-1,-1,-1,-1,-1,-1,-1,-1,-1,-1,-1,-1,-1,-1,-1,-1,-1,-1,-1,-1,-1,-1,-1,-1,-1,-1,tileset_0_2,tileset_3_12,tileset_3_2
tileset_0_2,tileset_3_12,tileset_3_2,-1,-1,-1,-1,-1,-1,-1,-1,-1,-1,-1,-1,-1,-1,-1,-1,-1,-1,-1,-1,-1,-1,-1,-1,-1,-1,-1,-1,-1,-1,-1,-1,-1,-1,tileset_0_2,tileset_3_12,tileset_3_2
tileset_0_2,tileset_3_12,tileset_3_2,-1,-1,-1,-1,-1,-1,-1,-1,-1,-1,-1,-1,-1,tileset_2_0,tileset_2_0,-1,tileset_1_0,-1,-1,-1,-1,-1,tileset_1_0,-1,-1,-1,tileset_1_0,-1,-1,-1,-1,-1,-1,-1,tileset_0_2,tileset_3_12,tileset_3_2
tileset_0_2,tileset_3_12,tileset_3_2,-1,-1,-1,-1,-1,-1,-1,tileset_2_0,tileset_2_0,-1,-1,-1,-1,tileset_3_12,tileset_3_12,-1,tileset_3_12,-1,tileset_2_0,-1,tileset_1_0,-1,tileset_3_12,-1,tileset_1_0,-1,tileset_3_12,-1,tileset_1_0,-1,-1,-1,-1,-1,tileset_0_2,tileset_3_12,tileset_3_2
tileset_0_2,tileset_3_12,tileset_3_2,-1,tileset_2_0,-1,tileset_2_0,-1,-1,-1,-1,-1,-1,-1,-1,-1,-1,-1,-1,-1,-1,-1,-1,-1,-1,-1,-1,-1,-1,-1,-1,-1,-1,-1,-1,-1,-1,tileset_0_2,tileset_3_12,tileset_3_2
tileset_0_2,tileset_3_12,tileset_3_2,tileset_2_0,tileset_3_12,tileset_2_0,tileset_3_12,tileset_2_0,-1,-1,-1,-1,-1,-1,-1,-1,-1,-1,-1,-1,-1,-1,-1,-1,-1,-1,-1,-1,-1,-1,-1,-1,-1,-1,-1,-1,tileset_3_12,tileset_0_2,tileset_3_12,tileset_3_2
tileset_0_2,tileset_3_12,tileset_3_2,-1,-1,-1,-1,-1,-1,-1,-1,-1,-1,-1,-1,-1,-1,-1,-1,-1,-1,-1,-1,-1,-1,-1,-1,-1,-1,-1,-1,-1,-1,-1,-1,-1,-1,tileset_0_2,tileset_3_12,tileset_3_2
tileset_0_2,tileset_3_12,tileset_3_2,-1,-1,-1,-1,-1,-1,-1,-1,-1,-1,-1,-1,-1,-1,-1,-1,-1,-1,-1,tileset_2_0,tileset_2_0,tileset_2_0,-1,-1,tileset_2_0,-1,-1,-1,tileset_2_0,-1,-1,-1,tileset_2_0,-1,tileset_0_2,tileset_3_12,tileset_3_2
tileset_0_2,tileset_3_12,tileset_3_2,-1,-1,-1,-1,-1,-1,-1,-1,-1,-1,tileset_2_0,tileset_2_0,tileset_2_0,-1,-1,-1,-1,-1,tileset_3_12,tileset_3_12,tileset_3_12,tileset_3_12,-1,-1,tileset_3_12,-1,tileset_2_0,-1,tileset_3_12,-1,tileset_2_0,-1,tileset_3_12,-1,tileset_0_2,tileset_3_12,tileset_3_2
tileset_0_2,tileset_3_12,tileset_3_2,-1,-1,-1,-1,-1,-1,-1,-1,-1,-1,tileset_3_12,tileset_3_12,tileset_3_12,-1,-1,-1,-1,-1,-1,-1,-1,-1,-1,-1,-1,-1,-1,-1,-1,-1,-1,-1,-1,-1,tileset_0_2,tileset_3_12,tileset_3_2
tileset_0_2,tileset_3_12,tileset_3_2,-1,-1,-1,-1,-1,tileset_2_0,-1,-1,-1,-1,-1,-1,-1,-1,-1,-1,-1,-1,-1,-1,-1,-1,-1,-1,-1,-1,-1,-1,-1,-1,-1,-1,-1,-1,tileset_0_2,tileset_3_12,tileset_3_2
tileset_0_2,tileset_3_12,tileset_3_2,-1,-1,-1,-1,-1,-1,-1,-1,-1,-1,-1,-1,-1,-1,tileset_1_0,tileset_1_0,tileset_1_0,-1,-1,-1,-1,-1,-1,-1,-1,-1,-1,-1,-1,-1,-1,-1,-1,-1,tileset_0_2,tileset_3_12,tileset_3_2
tileset_0_2,tileset_3_12,tileset_3_2,-1,-1,tileset_2_0,-1,-1,-1,-1,-1,-1,-1,-1,-1,-1,-1,-1,-1,tileset_1_1,-1,-1,-1,-1,-1,-1,-1,-1,-1,-1,-1,-1,-1,-1,-1,-1,-1,tileset_0_2,tileset_3_12,tileset_3_2
tileset_0_2,tileset_3_12,tileset_3_2,-1,-1,-1,-1,-1,-1,-1,-1,-1,-1,-1,-1,-1,-1,-1,-1,tileset_1_1,-1,tileset_2_0,tileset_2_0,tileset_0_0,-1,-1,-1,-1,-1,-1,-1,-1,-1,-1,-1,-1,-1,tileset_0_2,tileset_3_12,tileset_3_2
tileset_0_2,tileset_3_12,tileset_3_2,tileset_2_0,-1,-1,-1,-1,-1,-1,-1,-1,-1,-1,-1,-1,-1,-1,-1,tileset_1_1,-1,tileset_3_12,tileset_3_12,-1,-1,-1,-1,-1,-1,tileset_2_0,-1,tileset_2_0,-1,-1,-1,-1,-1,tileset_0_2,tileset_3_12,tileset_3_2
tileset_0_2,tileset_3_12,tileset_3_2,-1,-1,-1,-1,-1,-1,-1,-1,-1,-1,-1,-1,-1,-1,-1,-1,tileset_1_1,-1,-1,-1,-1,-1,-1,-1,-1,-1,tileset_3_12,tileset_3_12,tileset_3_12,-1,-1,-1,-1,-1,tileset_0_2,tileset_3_12,tileset_3_2
tileset_0_2,tileset_3_12,tileset_3_2,-1,-1,tileset_2_0,-1,-1,-1,-1,-1,-1,-1,-1,-1,-1,tileset_2_0,-1,-1,tileset_1_1,-1,-1,-1,-1,-1,-1,-1,-1,-1,-1,-1,-1,-1,-1,-1,-1,tileset_2_0,tileset_0_2,tileset_3_12,tileset_3_2
tileset_0_2,tileset_3_12,tileset_3_2,-1,-1,-1,-1,-1,-1,-1,-1,-1,-1,-1,-1,-1,-1,-1,-1,-1,-1,-1,-1,-1,-1,-1,-1,-1,-1,-1,-1,-1,-1,-1,-1,-1,-1,tileset_0_2,tileset_3_12,tileset_3_2
tileset_0_2,tileset_3_12,tileset_3_2,tileset_2_0,-1,-1,-1,-1,-1,-1,-1,-1,-1,-1,-1,-1,-1,-1,-1,-1,-1,-1,-1,-1,-1,-1,-1,-1,-1,-1,tileset_1_0,tileset_1_0,tileset_1_0,tileset_1_0,-1,-1,-1,tileset_0_2,tileset_3_12,tileset_3_2
tileset_0_2,tileset_3_12,tileset_3_2,-1,-1,-1,-1,-1,-1,-1,-1,-1,-1,-1,-1,-1,-1,-1,-1,-1,-1,-1,-1,tileset_1_0,tileset_1_0,-1,-1,-1,-1,-1,tileset_3_12,tileset_3_12,tileset_3_12,tileset_3_12,-1,-1,-1,tileset_0_2,tileset_3_12,tileset_3_2
tileset_0_2,tileset_3_12,tileset_3_2,-1,-1,tileset_2_0,-1,-1,-1,-1,-1,-1,-1,-1,tileset_2_0,-1,-1,-1,-1,-1,-1,-1,-1,tileset_3_12,tileset_3_12,-1,-1,-1,-1,-1,-1,-1,-1,-1,-1,-1,-1,tileset_0_2,tileset_3_12,tileset_3_2
tileset_0_2,tileset_3_12,tileset_3_2,-1,-1,-1,-1,-1,-1,-1,-1,-1,-1,-1,-1,-1,-1,-1,-1,-1,-1,-1,tileset_2_0,tileset_3_12,tileset_3_12,tileset_3_12,tileset_3_12,tileset_3_12,tileset_3_12,tileset_3_12,tileset_3_12,tileset_3_12,tileset_3_12,tileset_3_12,tileset_3_12,tileset_3_12,tileset_3_12,tileset_0_2,tileset_3_12,tileset_3_2
tileset_0_2,tileset_3_12,tileset_3_2,-1,-1,-1,-1,-1,-1,tileset_2_0,-1,-1,-1,-1,-1,-1,-1,-1,-1,-1,-1,-1,tileset_3_12,-1,-1,-1,-1,-1,-1,-1,-1,-1,-1,-1,-1,-1,-1,tileset_0_2,tileset_3_12,tileset_3_2
tileset_0_2,tileset_3_12,tileset_3_2,-1,-1,-1,-1,-1,-1,-1,-1,-1,-1,-1,-1,-1,-1,-1,-1,-1,-1,tileset_1_0,tileset_3_12,-1,-1,-1,-1,-1,-1,-1,-1,-1,-1,-1,-1,-1,-1,tileset_0_2,tileset_3_12,tileset_3_2
tileset_0_2,tileset_3_12,tileset_3_2,-1,-1,-1,-1,-1,-1,-1,-1,-1,-1,-1,-1,-1,-1,-1,-1,-1,-1,tileset_3_12,tileset_3_12,-1,-1,-1,-1,-1,-1,-1,-1,-1,-1,-1,-1,-1,-1,tileset_0_2,tileset_3_12,tileset_3_2
tileset_0_2,tileset_3_12,tileset_3_2,-1,tileset_1_0,tileset_1_0,tileset_1_0,tileset_1_0,tileset_1_0,tileset_1_0,tileset_1_0,-1,-1,tileset_1_0,-1,-1,tileset_1_0,-1,-1,tileset_1_0,-1,tileset_3_12,tileset_3_12,-1,-1,-1,-1,-1,-1,-1,-1,-1,-1,-1,-1,-1,-1,tileset_0_2,tileset_3_12,tileset_3_2
tileset_0_2,tileset_3_12,tileset_3_2,-1,-1,-1,-1,-1,-1,-1,tileset_3_12,tileset_3_12,tileset_3_12,tileset_3_12,tileset_3_12,tileset_3_12,tileset_3_12,tileset_3_12,tileset_3_12,tileset_3_12,tileset_3_12,tileset_3_12,tileset_3_12,-1,-1,-1,-1,-1,-1,-1,-1,-1,-1,-1,-1,-1,-1,tileset_0_2,tileset_3_12,tileset_3_2
tileset_0_2,tileset_3_12,tileset_3_2,-1,-1,-1,-1,-1,-1,-1,-1,-1,-1,-1,-1,-1,-1,-1,-1,-1,-1,-1,-1,-1,-1,-1,-1,-1,-1,-1,-1,-1,-1,-1,-1,-1,-1,tileset_0_2,tileset_3_12,tileset_3_2
tileset_0_2,tileset_3_12,tileset_3_2,-1,-1,-1,-1,-1,-1,-1,-1,-1,-1,-1,-1,-1,-1,-1,-1,-1,-1,-1,-1,-1,-1,-1,-1,-1,-1,-1,-1,-1,-1,-1,-1,-1,-1,tileset_0_2,tileset_3_12,tileset_3_2
tileset_0_2,tileset_3_12,tileset_3_2,-1,-1,-1,-1,-1,-1,-1,-1,tileset_1_0,-1,-1,-1,-1,-1,-1,-1,-1,-1,-1,-1,-1,-1,-1,-1,-1,-1,tileset_1_0,tileset_1_0,tileset_1_0,tileset_1_0,tileset_1_0,-1,-1,-1,tileset_0_2,tileset_3_12,tileset_3_2
tileset_0_2,tileset_3_12,tileset_3_2,-1,-1,-1,-1,-1,-1,-1,-1,-1,-1,-1,-1,-1,-1,-1,-1,-1,tileset_1_0,tileset_1_0,tileset_1_0,-1,-1,tileset_1_0,tileset_1_0,-1,-1,-1,-1,-1,-1,-1,-1,-1,-1,tileset_0_2,tileset_3_12,tileset_3_2
tileset_0_2,tileset_3_12,tileset_3_2,-1,-1,-1,-1,-1,-1,-1,-1,-1,-1,-1,-1,tileset_1_0,tileset_1_0,tileset_1_0,-1,-1,-1,-1,-1,-1,-1,-1,-1,-1,-1,-1,-1,-1,-1,-1,-1,-1,tileset_1_0,tileset_0_2,tileset_3_12,tileset_3_2
tileset_0_2,tileset_3_12,tileset_3_2,-1,-1,-1,-1,-1,-1,-1,-1,-1,-1,-1,-1,-1,-1,-1,-1,-1,-1,-1,-1,-1,-1,-1,-1,-1,-1,-1,-1,-1,-1,-1,-1,-1,-1,tileset_0_2,tileset_3_12,tileset_3_2
tileset_0_2,tileset_3_12,tileset_3_2,-1,-1,-1,-1,-1,-1,-1,-1,-1,-1,-1,-1,-1,-1,-1,-1,-1,-1,-1,-1,-1,-1,-1,-1,-1,-1,-1,-1,-1,-1,tileset_0_0,tileset_0_0,-1,-1,tileset_0_2,tileset_3_12,tileset_3_2
tileset_0_2,tileset_3_12,tileset_3_2,-1,-1,-1,-1,-1,-1,-1,-1,-1,-1,-1,-1,-1,-1,-1,-1,-1,-1,-1,-1,-1,-1,tileset_1_0,tileset_1_0,tileset_1_0,-1,-1,-1,-1,-1,-1,-1,-1,-1,tileset_3_12,tileset_3_12,tileset_3_2
tileset_0_2,tileset_3_12,tileset_3_2,tileset_1_0,tileset_1_0,tileset_1_0,tileset_1_0,-1,-1,-1,-1,-1,-1,-1,-1,-1,-1,-1,-1,-1,-1,-1,-1,-1,-1,tileset_1_1,-1,tileset_1_1,-1,tileset_1_0,tileset_1_0,-1,-1,-1,-1,-1,-1,tileset_0_2,tileset_3_12,tileset_3_2
tileset_0_2,tileset_3_12,tileset_3_2,-1,-1,-1,-1,-1,-1,-1,-1,-1,-1,-1,-1,-1,-1,-1,-1,tileset_0_0,tileset_0_0,-1,-1,-1,-1,tileset_1_1,tileset_1_1,tileset_1_1,-1,-1,-1,-1,-1,-1,-1,-1,-1,tileset_0_2,tileset_3_12,tileset_3_2
tileset_0_2,tileset_3_12,tileset_3_2,-1,-1,-1,-1,-1,-1,-1,-1,-1,-1,-1,-1,-1,-1,tileset_0_0,tileset_0_0,tileset_0_0,tileset_0_0,-1,-1,-1,-1,tileset_1_1,-1,tileset_1_1,-1,-1,-1,-1,-1,-1,-1,-1,tileset_1_0,tileset_0_2,tileset_3_12,tileset_3_2
tileset_0_2,tileset_3_12,tileset_3_2,-1,-1,-1,-1,-1,tileset_0_0,tileset_0_0,tileset_0_0,tileset_0_0,-1,-1,-1,-1,-1,-1,-1,-1,-1,-1,-1,-1,-1,tileset_1_1,tileset_1_1,tileset_1_1,-1,-1,-1,-1,-1,-1,-1,-1,-1,tileset_0_2,tileset_3_12,tileset_3_2
tileset_0_2,tileset_3_12,-1,-1,-1,-1,-1,-1,-1,tileset_1_0,-1,-1,-1,-1,-1,-1,-1,-1,-1,-1,-1,-1,-1,-1,-1,-1,-1,-1,-1,tileset_1_0,tileset_1_0,-1,-1,-1,-1,-1,-1,tileset_0_2,tileset_3_12,tileset_3_2
tileset_0_2,tileset_3_12,tileset_3_2,tileset_1_0,tileset_1_0,-1,-1,-1,-1,-1,-1,-1,-1,-1,-1,-1,-1,-1,-1,-1,-1,-1,-1,-1,-1,-1,-1,-1,-1,-1,-1,-1,-1,-1,-1,-1,-1,-1,tileset_3_12,tileset_3_2
tileset_0_2,tileset_3_12,tileset_3_2,-1,-1,-1,-1,-1,-1,-1,-1,-1,-1,-1,-1,-1,-1,-1,-1,-1,-1,-1,-1,-1,-1,-1,-1,-1,-1,-1,-1,-1,-1,-1,-1,-1,tileset_1_0,tileset_0_2,tileset_3_12,tileset_3_2
tileset_0_2,tileset_3_12,tileset_3_2,-1,-1,-1,tileset_1_0,tileset_1_0,tileset_1_0,tileset_1_0,-1,-1,-1,-1,-1,-1,-1,-1,-1,tileset_1_0,tileset_1_0,tileset_1_0,-1,-1,tileset_1_0,tileset_1_0,tileset_1_0,-1,-1,-1,-1,-1,-1,-1,-1,-1,-1,tileset_0_2,tileset_3_12,tileset_3_2
tileset_0_2,tileset_3_12,tileset_3_2,-1,-1,-1,-1,-1,-1,-1,-1,-1,-1,-1,tileset_1_0,-1,-1,-1,-1,-1,-1,-1,-1,-1,-1,-1,-1,-1,-1,-1,-1,tileset_1_0,tileset_1_0,tileset_1_0,-1,-1,-1,tileset_0_2,tileset_3_12,tileset_3_2
tileset_0_2,tileset_3_12,tileset_3_2,-1,-1,-1,-1,-1,-1,-1,-1,-1,-1,-1,tileset_1_0,-1,-1,-1,-1,-1,-1,-1,-1,-1,-1,-1,-1,-1,-1,-1,-1,-1,-1,-1,-1,-1,-1,tileset_0_2,tileset_3_12,tileset_3_2
tileset_0_2,tileset_3_12,tileset_3_2,tileset_1_0,-1,tileset_1_0,-1,tileset_1_0,tileset_1_0,-1,tileset_1_0,-1,tileset_1_0,tileset_1_0,tileset_1_0,-1,-1,-1,-1,-1,-1,-1,-1,-1,-1,-1,-1,-1,-1,-1,-1,-1,-1,-1,-1,-1,tileset_1_0,tileset_0_2,tileset_3_12,tileset_3_2
tileset_0_2,tileset_3_12,tileset_3_2,-1,-1,-1,-1,-1,-1,-1,-1,-1,-1,-1,tileset_1_0,-1,-1,-1,-1,-1,-1,-1,-1,-1,-1,-1,-1,-1,-1,-1,-1,-1,-1,-1,-1,-1,tileset_1_0,tileset_0_2,tileset_3_12,tileset_3_2
tileset_0_2,tileset_3_12,tileset_3_2,-1,-1,-1,-1,-1,-1,-1,-1,-1,-1,-1,tileset_1_0,tileset_1_0,tileset_1_0,-1,tileset_1_0,tileset_1_0,tileset_1_0,tileset_1_0,tileset_1_0,tileset_1_0,tileset_1_0,tileset_1_0,-1,-1,-1,-1,tileset_0_0,-1,-1,-1,tileset_0_0,tileset_1_0,tileset_1_0,tileset_0_2,tileset_3_12,tileset_3_2
tileset_0_2,tileset_3_12,tileset_3_2,-1,-1,-1,-1,-1,-1,-1,-1,-1,-1,-1,-1,-1,-1,-1,-1,-1,-1,-1,-1,-1,-1,-1,-1,-1,-1,-1,-1,-1,-1,-1,-1,-1,-1,tileset_0_2,tileset_3_12,tileset_3_2
tileset_0_2,tileset_3_12,tileset_3_2,-1,-1,-1,tileset_0_0,-1,-1,-1,-1,-1,-1,-1,-1,-1,-1,-1,-1,-1,-1,-1,-1,-1,-1,-1,-1,-1,-1,-1,-1,-1,-1,-1,-1,-1,-1,tileset_0_2,tileset_3_12,tileset_3_2
tileset_0_2,tileset_3_12,tileset_3_2,-1,-1,-1,-1,-1,-1,-1,-1,-1,-1,-1,-1,-1,-1,-1,-1,-1,-1,-1,-1,-1,-1,-1,-1,-1,-1,-1,-1,-1,-1,-1,-1,-1,-1,tileset_0_2,tileset_3_12,tileset_3_2
tileset_0_2,tileset_3_12,tileset_3_2,tileset_0_0,-1,-1,-1,-1,-1,-1,-1,-1,-1,-1,-1,-1,-1,-1,-1,-1,-1,-1,-1,-1,-1,-1,-1,-1,-1,-1,-1,-1,-1,-1,-1,-1,-1,tileset_0_2,tileset_3_12,tileset_3_2
tileset_0_2,tileset_3_12,tileset_3_2,-1,-1,-1,-1,-1,-1,-1,-1,-1,-1,-1,-1,tileset_1_0,-1,tileset_0_0,-1,tileset_0_0,-1,tileset_0_0,-1,tileset_0_0,-1,tileset_0_0,-1,tileset_0_0,-1,tileset_0_0,-1,tileset_0_0,-1,-1,-1,-1,-1,tileset_0_2,tileset_3_12,tileset_3_2
tileset_0_2,tileset_3_12,tileset_3_2,-1,-1,-1,-1,-1,tileset_1_0,-1,-1,-1,-1,-1,-1,tileset_1_0,-1,tileset_0_0,-1,tileset_0_0,-1,tileset_0_0,-1,tileset_0_0,-1,tileset_0_0,-1,tileset_0_0,-1,tileset_0_0,-1,tileset_0_0,-1,-1,-1,-1,-1,tileset_0_2,tileset_3_12,tileset_3_2
tileset_0_2,tileset_3_12,tileset_3_2,-1,-1,-1,-1,-1,-1,-1,-1,-1,-1,-1,-1,-1,-1,-1,-1,-1,-1,-1,-1,-1,-1,-1,-1,-1,-1,-1,-1,-1,-1,-1,-1,-1,tileset_0_0,tileset_0_2,tileset_3_12,tileset_3_2
tileset_0_2,tileset_3_12,tileset_3_2,tileset_0_0,-1,-1,-1,-1,-1,-1,-1,-1,-1,-1,-1,-1,-1,-1,-1,-1,-1,-1,-1,-1,-1,-1,-1,-1,-1,-1,-1,-1,-1,-1,-1,-1,tileset_0_0,tileset_0_2,tileset_3_12,tileset_3_2
tileset_0_2,tileset_3_12,tileset_3_2,-1,-1,-1,-1,-1,-1,-1,-1,-1,-1,-1,-1,-1,-1,-1,-1,-1,-1,-1,-1,-1,-1,-1,-1,-1,-1,-1,-1,-1,tileset_0_0,tileset_0_0,-1,-1,tileset_0_0,tileset_0_2,tileset_3_12,tileset_3_2
tileset_0_2,tileset_3_12,tileset_3_2,-1,-1,-1,-1,-1,tileset_0_0,-1,-1,-1,-1,-1,-1,-1,-1,-1,-1,-1,-1,-1,-1,-1,-1,tileset_1_0,tileset_1_0,tileset_1_0,-1,-1,-1,-1,-1,-1,-1,-1,-1,tileset_0_2,tileset_3_12,tileset_3_2
tileset_0_2,tileset_3_12,tileset_3_2,-1,-1,-1,-1,-1,-1,-1,-1,-1,-1,-1,-1,-1,-1,-1,-1,-1,-1,-1,-1,-1,-1,tileset_1_1,-1,tileset_1_1,-1,-1,-1,-1,-1,-1,-1,-1,-1,tileset_0_2,tileset_3_12,tileset_3_2
tileset_0_2,tileset_3_12,tileset_3_2,tileset_0_0,-1,-1,-1,-1,-1,-1,-1,-1,-1,-1,-1,-1,-1,-1,-1,-1,-1,tileset_0_0,tileset_0_0,-1,-1,tileset_1_1,tileset_1_1,tileset_1_1,-1,-1,-1,tileset_0_0,-1,-1,-1,-1,-1,tileset_0_2,tileset_3_12,tileset_3_2
tileset_0_2,tileset_3_12,tileset_3_2,-1,-1,-1,-1,-1,-1,-1,-1,-1,-1,-1,-1,-1,-1,-1,-1,-1,-1,-1,-1,-1,-1,-1,-1,tileset_1_1,-1,-1,-1,-1,-1,-1,-1,-1,-1,tileset_0_2,tileset_3_12,tileset_3_2
tileset_0_2,tileset_3_12,tileset_3_2,-1,-1,-1,tileset_0_0,tileset_0_0,tileset_0_0,tileset_0_0,-1,-1,-1,-1,-1,tileset_0_0,tileset_0_0,tileset_0_0,-1,-1,-1,-1,-1,-1,-1,-1,-1,tileset_1_1,-1,-1,-1,-1,-1,-1,-1,-1,tileset_0_0,tileset_0_2,tileset_3_12,tileset_3_2
tileset_0_2,tileset_3_12,tileset_3_2,-1,-1,-1,-1,-1,-1,-1,-1,-1,-1,-1,-1,-1,-1,-1,-1,-1,-1,-1,-1,-1,-1,-1,-1,tileset_1_1,-1,-1,-1,-1,-1,-1,-1,-1,-1,tileset_0_2,tileset_3_12,tileset_3_2
tileset_0_2,tileset_3_12,tileset_3_2,tileset_0_0,-1,-1,-1,-1,-1,-1,-1,-1,-1,-1,-1,-1,-1,-1,-1,-1,-1,-1,-1,-1,-1,-1,-1,-1,-1,-1,-1,tileset_0_0,-1,-1,-1,-1,-1,tileset_0_2,tileset_3_12,tileset_3_2
tileset_0_2,tileset_3_12,tileset_3_2,-1,-1,-1,-1,-1,-1,-1,-1,-1,-1,-1,-1,-1,-1,-1,-1,-1,-1,-1,-1,-1,-1,-1,-1,-1,-1,-1,-1,-1,-1,-1,-1,-1,-1,tileset_0_2,tileset_3_12,tileset_3_2
tileset_0_2,tileset_3_12,tileset_3_2,-1,-1,-1,tileset_0_0,tileset_0_0,tileset_0_0,tileset_0_0,tileset_0_0,tileset_0_0,-1,-1,tileset_0_0,tileset_0_0,tileset_0_0,-1,-1,-1,-1,-1,-1,-1,-1,-1,-1,-1,-1,-1,-1,-1,-1,-1,-1,-1,tileset_0_0,tileset_0_2,tileset_3_12,tileset_3_2
tileset_0_2,tileset_3_12,tileset_3_2,-1,-1,-1,-1,-1,-1,-1,-1,-1,-1,-1,-1,-1,-1,-1,-1,-1,-1,-1,tileset_0_0,tileset_0_0,-1,-1,-1,-1,-1,-1,-1,-1,-1,-1,-1,-1,-1,tileset_0_2,tileset_3_12,tileset_3_2
tileset_0_2,tileset_3_12,tileset_3_2,-1,-1,-1,-1,-1,-1,-1,-1,-1,-1,-1,-1,-1,-1,-1,-1,-1,-1,-1,tileset_0_0,tileset_0_0,tileset_0_0,tileset_0_0,-1,-1,-1,-1,-1,-1,-1,tileset_0_0,-1,-1,-1,tileset_0_2,tileset_3_12,tileset_3_2
tileset_0_2,tileset_3_12,tileset_3_2,-1,-1,-1,-1,-1,-1,-1,-1,-1,-1,-1,-1,-1,-1,-1,-1,-1,-1,-1,-1,-1,-1,-1,-1,-1,-1,-1,-1,-1,-1,-1,-1,-1,-1,tileset_0_2,tileset_3_12,tileset_3_2
tileset_0_2,tileset_3_12,tileset_3_2,tileset_5_2,tileset_5_2,tileset_5_2,tileset_5_2,tileset_5_2,tileset_5_2,tileset_5_2,tileset_5_2,tileset_5_2,tileset_5_2,tileset_5_2,tileset_5_2,tileset_5_2,tileset_5_2,tileset_5_2,tileset_5_2,tileset_5_2,tileset_5_2,tileset_5_2,tileset_5_2,tileset_5_2,tileset_5_2,tileset_5_2,tileset_5_2,tileset_5_2,tileset_5_2,-1,tileset_5_2,tileset_5_2,tileset_5_2,tileset_5_2,tileset_5_2,tileset_5_2,tileset_5_2,tileset_0_2,tileset_3_12,tileset_3_2
tileset_0_2,tileset_3_12,tileset_3_12,tileset_3_12,tileset_3_12,tileset_3_12,tileset_3_12,tileset_3_12,tileset_3_12,tileset_3_12,tileset_3_12,tileset_3_12,tileset_3_12,tileset_3_12,tileset_3_12,tileset_3_12,tileset_3_12,tileset_3_12,tileset_3_12,tileset_3_12,tileset_3_12,tileset_3_12,tileset_3_12,tileset_3_12,tileset_3_12,tileset_3_12,tileset_3_12,tileset_3_12,tileset_3_12,-1,tileset_3_12,tileset_3_12,tileset_3_12,tileset_3_12,tileset_3_12,tileset_3_12,tileset_3_12,tileset_3_12,tileset_3_12,tileset_3_2
tileset_0_2,tileset_3_12,tileset_3_2,tileset_4_2,tileset_4_2,tileset_4_2,tileset_4_2,tileset_4_2,tileset_4_2,tileset_4_2,tileset_4_2,tileset_4_2,tileset_4_2,tileset_4_2,tileset_4_2,tileset_4_2,tileset_4_2,tileset_4_2,tileset_4_2,tileset_4_2,tileset_4_2,tileset_4_2,tileset_4_2,tileset_4_2,tileset_4_2,tileset_4_2,tileset_4_2,tileset_4_2,tileset_4_2,-1,tileset_4_2,tileset_4_2,tileset_4_2,tileset_4_2,tileset_4_2,tileset_4_2,tileset_4_2,tileset_0_2,tileset_3_12,tileset_3_2
tileset_0_2,tileset_3_12,tileset_3_2,-1,-1,-1,-1,-1,-1,-1,-1,-1,-1,-1,-1,-1,-1,-1,-1,-1,-1,-1,-1,-1,-1,-1,-1,-1,-1,-1,-1,-1,-1,-1,-1,-1,-1,tileset_0_2,tileset_3_12,tileset_3_2
tileset_0_2,tileset_3_12,tileset_3_2,-1,-1,-1,-1,-1,-1,-1,-1,-1,-1,-1,-1,-1,-1,-1,-1,-1,-1,-1,-1,-1,-1,-1,-1,-1,-1,-1,-1,-1,-1,-1,-1,-1,-1,tileset_0_2,tileset_3_12,tileset_3_2
tileset_0_2,tileset_3_12,tileset_3_2,-1,-1,-1,-1,-1,-1,-1,-1,-1,-1,-1,-1,-1,-1,-1,-1,-1,-1,-1,-1,-1,-1,-1,-1,-1,-1,-1,-1,-1,-1,-1,-1,-1,-1,tileset_0_2,tileset_3_12,tileset_3_2
tileset_0_2,tileset_3_12,tileset_3_2,-1,-1,-1,-1,-1,-1,-1,-1,-1,-1,-1,-1,-1,-1,-1,tileset_1_0,-1,tileset_1_0,tileset_1_0,tileset_1_0,-1,-1,-1,-1,-1,-1,-1,-1,-1,-1,-1,-1,-1,-1,tileset_0_2,tileset_3_12,tileset_3_2
tileset_0_2,tileset_3_12,tileset_3_2,-1,-1,-1,-1,-1,-1,-1,-1,-1,-1,-1,-1,-1,-1,-1,tileset_1_1,-1,tileset_1_1,-1,tileset_1_1,-1,-1,-1,-1,-1,-1,-1,-1,-1,-1,-1,-1,-1,-1,tileset_0_2,tileset_3_12,tileset_3_2
tileset_0_2,tileset_3_12,tileset_3_2,-1,-1,-1,-1,-1,-1,-1,-1,-1,-1,-1,-1,-1,-1,-1,tileset_1_1,-1,tileset_1_1,-1,tileset_1_1,-1,-1,-1,-1,-1,-1,-1,-1,-1,-1,-1,-1,-1,-1,tileset_0_2,tileset_3_12,tileset_3_2
tileset_0_2,tileset_3_12,tileset_3_2,-1,-1,-1,-1,-1,-1,-1,-1,-1,-1,-1,-1,-1,-1,-1,tileset_1_1,-1,tileset_1_1,-1,tileset_1_1,-1,-1,-1,-1,-1,-1,-1,-1,-1,-1,-1,-1,-1,-1,tileset_0_2,tileset_3_12,tileset_3_2
tileset_0_2,tileset_3_12,tileset_3_2,-1,-1,-1,-1,-1,-1,-1,-1,-1,-1,-1,-1,-1,-1,-1,tileset_1_1,-1,tileset_1_1,-1,tileset_1_1,-1,-1,-1,-1,-1,-1,-1,-1,-1,-1,-1,-1,-1,-1,tileset_0_2,tileset_3_12,tileset_3_2
tileset_0_2,tileset_3_12,tileset_3_2,-1,-1,-1,-1,-1,-1,-1,-1,-1,-1,-1,-1,-1,-1,-1,tileset_1_1,-1,tileset_1_1,tileset_1_1,tileset_1_1,-1,-1,-1,-1,-1,-1,-1,-1,-1,-1,-1,-1,-1,-1,tileset_0_2,tileset_3_12,tileset_3_2
tileset_0_2,tileset_3_12,tileset_3_2,-1,-1,-1,-1,-1,-1,-1,-1,-1,-1,-1,-1,-1,-1,-1,-1,-1,-1,-1,-1,-1,-1,-1,-1,-1,-1,-1,-1,-1,-1,-1,-1,-1,-1,tileset_0_2,tileset_3_12,tileset_3_2
tileset_0_2,tileset_3_12,tileset_3_2,-1,-1,-1,-1,-1,-1,-1,-1,-1,-1,-1,-1,-1,-1,-1,-1,-1,-1,-1,-1,-1,-1,-1,-1,-1,-1,-1,-1,-1,-1,-1,-1,-1,-1,tileset_0_2,tileset_3_12,tileset_3_2
tileset_0_2,tileset_3_12,tileset_3_2,-1,-1,-1,-1,-1,-1,-1,-1,-1,-1,-1,-1,-1,-1,-1,-1,-1,-1,-1,-1,-1,-1,-1,-1,-1,-1,-1,-1,-1,-1,-1,-1,-1,-1,tileset_0_2,tileset_3_12,tileset_3_2
tileset_0_2,tileset_3_12,tileset_3_2,-1,-1,-1,-1,-1,-1,-1,-1,-1,-1,-1,-1,-1,-1,-1,-1,-1,-1,-1,-1,-1,-1,-1,-1,-1,-1,-1,-1,-1,-1,-1,-1,-1,-1,tileset_0_2,tileset_3_12,tileset_3_2
tileset_0_2,tileset_3_12,tileset_5_0,tileset_1_0,tileset_1_0,tileset_1_0,tileset_1_0,tileset_1_0,tileset_1_0,tileset_1_0,tileset_1_0,tileset_1_0,tileset_1_0,tileset_1_0,tileset_1_0,tileset_1_0,tileset_1_0,tileset_1_0,tileset_1_0,tileset_1_0,tileset_1_0,tileset_1_0,tileset_1_0,tileset_1_0,tileset_1_0,tileset_1_0,tileset_1_0,tileset_1_0,tileset_1_0,tileset_1_0,tileset_1_0,tileset_1_0,tileset_1_0,tileset_1_0,tileset_1_0,tileset_1_0,tileset_1_0,tileset_4_0,tileset_3_12,tileset_3_2
tileset_0_2,tileset_3_12,tileset_3_12,tileset_3_12,tileset_3_12,tileset_3_12,tileset_3_12,tileset_3_12,tileset_3_12,tileset_3_12,tileset_3_12,tileset_3_12,tileset_3_12,tileset_3_12,tileset_3_12,tileset_3_12,tileset_3_12,tileset_3_12,tileset_3_12,tileset_3_12,tileset_3_12,tileset_3_12,tileset_3_12,tileset_3_12,tileset_3_12,tileset_3_12,tileset_3_12,tileset_3_12,tileset_3_12,tileset_3_12,tileset_3_12,tileset_3_12,tileset_3_12,tileset_3_12,tileset_3_12,tileset_3_12,tileset_3_12,tileset_3_12,tileset_3_12,tileset_3_2
tileset_0_3,tileset_1_3,tileset_1_3,tileset_1_3,tileset_1_3,tileset_1_3,tileset_1_3,tileset_1_3,tileset_1_3,tileset_1_3,tileset_1_3,tileset_1_3,tileset_1_3,tileset_1_3,tileset_1_3,tileset_1_3,tileset_1_3,tileset_1_3,tileset_1_3,tileset_1_3,tileset_1_3,tileset_1_3,tileset_1_3,tileset_1_3,tileset_1_3,tileset_1_3,tileset_1_3,tileset_1_3,tileset_1_3,tileset_1_3,tileset_1_3,tileset_1_3,tileset_1_3,tileset_1_3,tileset_1_3,tileset_1_3,tileset_1_3,tileset_1_3,tileset_1_3,tileset_3_3
