tileset_3_8,tileset_3_8,tileset_12_4,-1,tileset_12_4,tileset_3_8,tileset_3_8,tileset_3_8,tileset_3_8,tileset_3_8,tileset_3_8,tileset_3_8,tileset_3_8,tileset_3_8,tileset_3_8,tileset_3_8,tileset_3_8,tileset_3_8,tileset_3_8,tileset_3_8,tileset_3_8,tileset_3_8,tileset_3_8,tileset_3_8,tileset_12_4,tileset_3_8,tileset_3_8,tileset_3_8,tileset_3_8
tileset_3_8,tileset_3_8,tileset_12_6,-1,tileset_11_6,tileset_2_3,tileset_2_3,tileset_1_3,tileset_2_3,tileset_2_3,tileset_2_3,tileset_1_3,tileset_2_3,tileset_2_3,tileset_2_3,tileset_2_3,tileset_1_3,tileset_1_3,tileset_2_3,tileset_2_3,tileset_1_3,tileset_2_3,tileset_2_3,tileset_1_3,tileset_2_3,tileset_2_3,tileset_11_5,tileset_3_8,tileset_3_8
tileset_3_8,tileset_3_8,-1,-1,-1,-1,-1,-1,-1,-1,-1,-1,-1,-1,-1,-1,-1,-1,-1,-1,-1,-1,-1,-1,-1,-1,tileset_8_6,tileset_3_8,tileset_3_8
tileset_3_8,tileset_3_8,-1,-1,-1,-1,-1,-1,-1,-1,-1,-1,-1,-1,-1,-1,-1,-1,-1,-1,-1,-1,-1,-1,-1,-1,-1,tileset_3_8,tileset_3_8
tileset_3_8,tileset_3_8,-1,-1,-1,-1,-1,-1,-1,-1,-1,-1,-1,-1,-1,-1,-1,-1,-1,-1,-1,-1,-1,-1,-1,-1,-1,tileset_3_8,tileset_3_8
tileset_3_8,tileset_3_8,-1,-1,-1,-1,-1,-1,-1,-1,-1,-1,-1,-1,-1,-1,-1,-1,-1,-1,-1,-1,-1,-1,-1,-1,-1,tileset_3_8,tileset_3_8
tileset_3_8,tileset_3_8,-1,-1,-1,-1,-1,-1,-1,-1,-1,-1,-1,-1,-1,-1,-1,-1,-1,-1,-1,-1,-1,-1,-1,-1,-1,tileset_3_8,tileset_3_8
tileset_3_8,tileset_3_8,-1,-1,-1,-1,-1,-1,-1,-1,-1,-1,-1,-1,-1,-1,-1,-1,-1,-1,-1,-1,-1,-1,-1,-1,-1,tileset_3_8,tileset_3_8
tileset_3_8,tileset_3_8,-1,-1,-1,-1,-1,-1,-1,-1,-1,-1,-1,-1,-1,-1,-1,-1,-1,-1,-1,-1,-1,-1,-1,-1,-1,tileset_3_8,tileset_3_8
tileset_3_8,tileset_3_8,-1,-1,-1,-1,-1,-1,-1,-1,-1,-1,-1,-1,-1,-1,-1,-1,-1,-1,-1,-1,-1,-1,-1,-1,-1,tileset_3_8,tileset_3_8
tileset_3_8,tileset_3_8,-1,-1,-1,-1,-1,-1,-1,-1,-1,-1,-1,-1,-1,-1,-1,-1,-1,-1,-1,-1,-1,-1,-1,-1,-1,tileset_3_8,tileset_3_8
tileset_3_8,tileset_3_8,-1,-1,-1,-1,-1,-1,tileset_1_0,tileset_1_0,tileset_1_0,-1,-1,-1,-1,-1,tileset_1_0,tileset_1_0,tileset_1_0,-1,-1,-1,-1,-1,-1,-1,-1,tileset_3_8,tileset_3_8
tileset_3_8,tileset_3_8,-1,-1,-1,-1,-1,-1,-1,tileset_1_1,-1,-1,-1,-1,-1,-1,-1,-1,-1,-1,-1,-1,-1,-1,-1,-1,-1,tileset_3_8,tileset_3_8
tileset_3_8,tileset_3_8,-1,-1,-1,-1,-1,-1,-1,tileset_1_1,-1,-1,-1,-1,-1,-1,-1,-1,-1,-1,tileset_1_0,tileset_1_0,tileset_1_0,-1,-1,-1,-1,tileset_3_8,tileset_3_8
tileset_3_8,tileset_3_8,-1,-1,-1,-1,-1,-1,-1,tileset_1_1,-1,-1,-1,-1,-1,-1,-1,-1,-1,-1,-1,-1,-1,-1,-1,-1,-1,tileset_3_8,tileset_3_8
tileset_1_0,tileset_1_0,tileset_1_0,tileset_1_0,tileset_1_0,tileset_1_0,tileset_1_0,tileset_1_0,tileset_1_0,tileset_1_1,tileset_1_0,tileset_1_0,tileset_1_0,tileset_1_0,tileset_1_0,tileset_1_0,tileset_1_0,tileset_1_0,tileset_1_0,tileset_1_0,tileset_1_0,tileset_1_0,tileset_1_0,tileset_1_0,tileset_1_0,tileset_1_0,tileset_1_0,tileset_1_0,tileset_1_0
tileset_1_1,tileset_1_1,tileset_1_1,tileset_1_1,tileset_1_1,tileset_1_1,tileset_1_1,tileset_1_1,tileset_1_1,tileset_1_1,tileset_1_1,tileset_1_1,tileset_1_1,tileset_1_1,tileset_1_1,tileset_1_1,tileset_1_1,tileset_1_1,tileset_1_1,tileset_1_1,tileset_1_1,tileset_1_1,tileset_1_1,tileset_1_1,tileset_1_1,tileset_1_1,tileset_1_1,tileset_1_1,tileset_1_1
tileset_1_1,tileset_1_1,tileset_1_1,tileset_1_1,tileset_1_1,tileset_1_1,tileset_1_1,tileset_1_1,tileset_1_1,tileset_1_1,tileset_1_1,tileset_1_1,tileset_1_1,tileset_1_1,tileset_1_1,tileset_1_1,tileset_1_1,tileset_1_1,tileset_1_1,tileset_1_1,tileset_1_1,tileset_1_1,tileset_1_1,tileset_1_1,tileset_1_1,tileset_1_1,tileset_1_1,tileset_1_1,tileset_1_1
